-- Full bootstrap generated from current DB tables
-- Usage:
--   node scripts/generate-bootstrap-sql.mjs
--   mysql -u root -p < scripts/bootstrap-production.full.sql

CREATE DATABASE IF NOT EXISTS `green_trends`
  CHARACTER SET utf8mb4
  COLLATE utf8mb4_unicode_ci;

USE `green_trends`;

CREATE TABLE IF NOT EXISTS salons (
  id VARCHAR(120) NOT NULL,
  name VARCHAR(255) NOT NULL,
  address_line1 VARCHAR(500) NOT NULL DEFAULT '',
  area VARCHAR(200) NOT NULL DEFAULT '',
  city VARCHAR(120) NOT NULL DEFAULT '',
  state VARCHAR(120) NOT NULL DEFAULT '',
  pincode VARCHAR(10) NOT NULL DEFAULT '',
  phone VARCHAR(20) NOT NULL DEFAULT '',
  open_hours VARCHAR(80) NOT NULL DEFAULT '',
  lat DECIMAL(10,7) NULL,
  lng DECIMAL(10,7) NULL,
  maps_url VARCHAR(700) NOT NULL DEFAULT '',
  created_at DATETIME NOT NULL DEFAULT CURRENT_TIMESTAMP,
  updated_at DATETIME NOT NULL DEFAULT CURRENT_TIMESTAMP ON UPDATE CURRENT_TIMESTAMP,
  PRIMARY KEY (id),
  KEY idx_salons_pincode (pincode),
  KEY idx_salons_city (city)
) ENGINE=InnoDB DEFAULT CHARSET=utf8mb4;

CREATE TABLE IF NOT EXISTS services (
  id BIGINT UNSIGNED NOT NULL AUTO_INCREMENT,
  gender VARCHAR(20) NOT NULL,
  category_id VARCHAR(80) NOT NULL,
  category_title VARCHAR(120) NOT NULL,
  service_name VARCHAR(120) NOT NULL,
  service_description VARCHAR(255) NOT NULL DEFAULT '',
  created_at DATETIME NOT NULL DEFAULT CURRENT_TIMESTAMP,
  updated_at DATETIME NOT NULL DEFAULT CURRENT_TIMESTAMP ON UPDATE CURRENT_TIMESTAMP,
  PRIMARY KEY (id),
  UNIQUE KEY uq_services_gender_service (gender, service_name),
  KEY idx_services_gender_category (gender, category_id)
) ENGINE=InnoDB DEFAULT CHARSET=utf8mb4;

CREATE TABLE IF NOT EXISTS stylists (
  id BIGINT UNSIGNED NOT NULL AUTO_INCREMENT,
  salon_id VARCHAR(120) NOT NULL,
  gender VARCHAR(20) NOT NULL,
  stylist_name VARCHAR(120) NOT NULL,
  is_active TINYINT(1) NOT NULL DEFAULT 1,
  created_at DATETIME NOT NULL DEFAULT CURRENT_TIMESTAMP,
  updated_at DATETIME NOT NULL DEFAULT CURRENT_TIMESTAMP ON UPDATE CURRENT_TIMESTAMP,
  PRIMARY KEY (id),
  UNIQUE KEY uq_stylists_salon_gender_name (salon_id, gender, stylist_name),
  KEY idx_stylists_salon_gender (salon_id, gender),
  CONSTRAINT fk_stylist_salon
    FOREIGN KEY (salon_id) REFERENCES salons(id)
    ON DELETE CASCADE ON UPDATE CASCADE
) ENGINE=InnoDB DEFAULT CHARSET=utf8mb4;

CREATE TABLE IF NOT EXISTS users (
  id BIGINT UNSIGNED NOT NULL AUTO_INCREMENT,
  full_name VARCHAR(120) NOT NULL DEFAULT '',
  phone VARCHAR(20) NOT NULL,
  email VARCHAR(180) NOT NULL DEFAULT '',
  created_at DATETIME NOT NULL DEFAULT CURRENT_TIMESTAMP,
  updated_at DATETIME NOT NULL DEFAULT CURRENT_TIMESTAMP ON UPDATE CURRENT_TIMESTAMP,
  PRIMARY KEY (id),
  UNIQUE KEY uq_users_phone (phone)
) ENGINE=InnoDB DEFAULT CHARSET=utf8mb4;

CREATE TABLE IF NOT EXISTS appointments (
  id BIGINT UNSIGNED NOT NULL AUTO_INCREMENT,
  booking_id VARCHAR(60) NOT NULL,
  user_id BIGINT UNSIGNED NOT NULL,
  status VARCHAR(40) NOT NULL DEFAULT 'PENDING_APPROVAL',
  salon_id VARCHAR(120) NOT NULL DEFAULT '',
  salon_name VARCHAR(255) NOT NULL DEFAULT '',
  maps_url VARCHAR(500) NOT NULL DEFAULT '',
  gender VARCHAR(40) NOT NULL DEFAULT '',
  service_category VARCHAR(120) NOT NULL DEFAULT '',
  service_item TEXT,
  service_blob TEXT,
  booking_date VARCHAR(30) NOT NULL DEFAULT '',
  stylist_name VARCHAR(120) NOT NULL DEFAULT '',
  time_slot VARCHAR(40) NOT NULL DEFAULT '',
  created_at DATETIME NOT NULL DEFAULT CURRENT_TIMESTAMP,
  updated_at DATETIME NOT NULL DEFAULT CURRENT_TIMESTAMP ON UPDATE CURRENT_TIMESTAMP,
  PRIMARY KEY (id),
  UNIQUE KEY uq_appointments_booking_id (booking_id),
  KEY idx_appointments_user_id (user_id),
  CONSTRAINT fk_appointments_user
    FOREIGN KEY (user_id) REFERENCES users(id)
    ON DELETE RESTRICT ON UPDATE CASCADE,
  CONSTRAINT fk_appointments_salon
    FOREIGN KEY (salon_id) REFERENCES salons(id)
    ON DELETE RESTRICT ON UPDATE CASCADE
) ENGINE=InnoDB DEFAULT CHARSET=utf8mb4;

INSERT INTO salons (id, name, address_line1, area, city, state, pincode, phone, open_hours, lat, lng, maps_url) VALUES
('salon_green_trends_600026', 'Green Trends', 'No. 6, Kumaran Colony Main Road, Vadapalani, Opp. Apollo Family Clinic', 'Vadapalani', 'Chennai', 'Tamil Nadu', '600026', '04443024241', '10:00 AM - 9:00 PM', '13.0485364', '80.2067703', 'https://maps.google.com/?q=No.%206%2C%20Kumaran%20Colony%20Main%20Road%2C%20Vadapalani%2C%20Opp.%20Apollo%20Family%20Clinic%2C%20Chennai%2C%20600026'),
('salon_green_trends_ashok_nagar_600083', 'Green Trends Ashok Nagar', 'No. 45, 4th Avenue, LIG Colony, Ashok Nagar, Near Unity Small Finance', 'Ashok Nagar', 'Chennai', 'Tamil Nadu', '600083', '07338844005', '9:00 AM - 9:00 PM', '13.0400731', '80.2159247', 'https://maps.google.com/?q=No.%2045%2C%204th%20Avenue%2C%20LIG%20Colony%2C%20Ashok%20Nagar%2C%20Near%20Unity%20Small%20Finance%2C%20Chennai%2C%20600083'),
('salon_green_trends_beauty_salon_in_nelson_manickkam_ro', 'Green Trends - Beauty salon in Nelson Manickkam Road', 'No. 122, Nelson Manickam Rd, Railway Colony, Aminjikarai, Opp. Kotak Mahindra Bank', 'Aminjikarai', 'Chennai', 'Tamil Nadu', '600029', '09884999682', '10:00 AM - 9:00 PM', '13.0719425', '80.2230543', 'https://maps.google.com/?q=No.%20122%2C%20Nelson%20Manickam%20Rd%2C%20Railway%20Colony%2C%20Aminjikarai%2C%20Opp.%20Kotak%20Mahindra%20Bank%2C%20Chennai%2C%20600029'),
('salon_green_trends_besant_nagar_unisex_salon_600090', 'Green Trends - Besant Nagar, Unisex Salon', 'No. 58, Mahatma Gandhi Rd, Besant Nagar, Opposite Bus Stop', 'Besant Nagar', 'Chennai', 'Tamil Nadu', '600090', '09697178178', '10:00 AM - 9:00 PM', '12.9996907', '80.2682259', 'https://maps.google.com/?q=No.%2058%2C%20Mahatma%20Gandhi%20Rd%2C%20Besant%20Nagar%2C%20Opposite%20Bus%20Stop%2C%20Chennai%2C%20600090'),
('salon_green_trends_hasthinapuram_unisex_hair_style_sal', 'Green trends Hasthinapuram - Unisex Hair & Style Salon', 'No. 15, Doctor Rajendra Prasad Road, Chromepet, Above Trends', 'Chromepet', 'Chennai', 'Tamil Nadu', '600044', '09524286333', '10:00 AM - 9:00 PM', '12.9722109', '80.1393765', 'https://maps.google.com/?q=No.%2015%2C%20Doctor%20Rajendra%20Prasad%20Road%2C%20Chromepet%2C%20Above%20Trends%2C%20Chennai%2C%20600044'),
('salon_green_trends_kk_nagar_unisex_hair_style_salon_60', 'Green Trends KK Nagar Unisex Hair & Style Salon', 'No. 1, First Floor, Udhayam Marvel''s, PT Rajan Rd, Kalinga Colony, Ashok Nagar, Beside Indian Bank', 'Ashok Nagar', 'Chennai', 'Tamil Nadu', '600078', '07448677776', '10:00 AM - 9:00 PM', '13.0386493', '80.2052158', 'https://maps.google.com/?q=No.%201%2C%20First%20Floor%2C%20Udhayam%20Marvel''s%2C%20PT%20Rajan%20Rd%2C%20Kalinga%20Colony%2C%20Ashok%20Nagar%2C%20Beside%20Indian%20Bank%2C%20Chennai%2C%20600078'),
('salon_green_trends_madipakkam_unisex_hair_style_salon_', 'Green Trends - Madipakkam Unisex Hair & Style Salon', 'Plot no -936, greentrends, first floor , above muthoot fincorp, madipakkam, ramnager, bazar main road,', 'bazar main road', 'Chennai', 'Tamil Nadu', '600091', '09789406306', '10:00 AM - 9:00 PM', '12.9611348', '80.2001292', 'https://maps.google.com/?q=Plot%20no%20-936%2C%20greentrends%2C%20first%20floor%20%2C%20above%20muthoot%20fincorp%2C%20madipakkam%2C%20ramnager%2C%20bazar%20main%20road%2C%2C%20Chennai%2C%20600091'),
('salon_green_trends_nungambakkam_unisex_salon_600034', 'Green Trends - Nungambakkam, Unisex Salon', 'No. 66, 1st Floor, Veerabadran Street, Nungambakkam, Near vinita Hospital', 'Nungambakkam', 'Chennai', 'Tamil Nadu', '600034', '04443144488', '10:00 AM - 9:00 PM', '13.0620626', '80.2404870', 'https://maps.google.com/?q=No.%2066%2C%201st%20Floor%2C%20Veerabadran%20Street%2C%20Nungambakkam%2C%20Near%20vinita%20Hospital%2C%20Chennai%2C%20600034'),
('salon_green_trends_taramani_600042', 'Green Trends Taramani', 'No. 48A, Kanya Homes, 100 feet Road, Velachery, Taramani, Opp. TCS', 'Taramani', 'Chennai', 'Tamil Nadu', '600042', '04442818287', '10:00 AM - 9:00 PM', '12.9849067', '80.2404069', 'https://maps.google.com/?q=No.%2048A%2C%20Kanya%20Homes%2C%20100%20feet%20Road%2C%20Velachery%2C%20Taramani%2C%20Opp.%20TCS%2C%20Chennai%2C%20600042'),
('salon_green_trends_thiruvanmiyur_unisex_hair_style_sal', 'Green Trends - Thiruvanmiyur, Unisex Hair & Style Salon', 'No. 3, 4th E Street, Kamaraj Nagar, Thiruvanmiyur, Above TMB', 'Thiruvanmiyur', 'Chennai', 'Tamil Nadu', '600041', '09363198198', '10:00 AM - 9:00 PM', '12.9858948', '80.2644215', 'https://maps.google.com/?q=No.%203%2C%204th%20E%20Street%2C%20Kamaraj%20Nagar%2C%20Thiruvanmiyur%2C%20Above%20TMB%2C%20Chennai%2C%20600041'),
('salon_green_trends_unisex_hair_and_beauty_salon_thirum', 'Green Trends Unisex Hair And Beauty Salon Thirumangalam', 'No. 43/9, Anna Nagar West Extension Road, Thirumangalam, Near Dry Fruit House', 'Thirumangalam', 'Chennai', 'Tamil Nadu', '600101', '09884856777', '9:30 AM - 9:00 PM', '13.0920937', '80.1952109', 'https://maps.google.com/?q=No.%2043%2F9%2C%20Anna%20Nagar%20West%20Extension%20Road%2C%20Thirumangalam%2C%20Near%20Dry%20Fruit%20House%2C%20Chennai%2C%20600101'),
('salon_green_trends_unisex_hair_and_style_salon_600042', 'Green Trends Unisex Hair and Style Salon', 'No. 26/12A/10, Thirumurugan Complex, Dandeeshwaram Main Rd, Velachery, Opposite Casual Moves Store', 'Velachery', 'Chennai', 'Tamil Nadu', '600042', '04479661904', '9:30 AM - 9:00 PM', '12.9912182', '80.2170168', 'https://maps.google.com/?q=No.%2026%2F12A%2F10%2C%20Thirumurugan%20Complex%2C%20Dandeeshwaram%20Main%20Rd%2C%20Velachery%2C%20Opposite%20Casual%20Moves%20Store%2C%20Chennai%2C%20600042'),
('salon_green_trends_unisex_hair_and_style_salon_600063', 'Green Trends Unisex Hair and Style Salon', 'No. 28, 1st Flr, Mudichur Rd, Bharathi Nagar, Old Perungalathur, Near Annai Arul Hospital', 'Bharathi Nagar', 'Chennai', 'Tamil Nadu', '600063', '09962409561', '10:00 AM - 9:00 PM', '12.9912182', '80.2170168', 'https://maps.google.com/?q=No.%2028%2C%201st%20Flr%2C%20Mudichur%20Rd%2C%20Bharathi%20Nagar%2C%20Old%20Perungalathur%2C%20Near%20Annai%20Arul%20Hospital%2C%20Chennai%2C%20600063'),
('salon_green_trends_unisex_hair_and_style_salon_600079', 'Green Trends-Unisex Hair And Style Salon', 'No. 355 A, OMR Side Elevated Road, Thoraipakkam, Near Dominos Pizza & Coffee Day', 'Thoraipakkam', 'Chennai', 'Tamil Nadu', '600079', '07708849898', '10:00 AM - 10:00 PM', '12.9912182', '80.2170168', 'https://maps.google.com/?q=No.%20355%20A%2C%20OMR%20Side%20Elevated%20Road%2C%20Thoraipakkam%2C%20Near%20Dominos%20Pizza%20%26%20Coffee%20Day%2C%20Chennai%2C%20600079'),
('salon_green_trends_unisex_hair_and_style_salon_600116', 'Green Trends -Unisex Hair and style Salon', 'No. 2/2A, First Floor, Poonamallee High Road, Mugalivakkam, Above Jockey Showroom', 'Mugalivakkam', 'Chennai', 'Tamil Nadu', '600116', '07358638115', '10:00 AM - 9:00 PM', '12.9912182', '80.2170168', 'https://maps.google.com/?q=No.%202%2F2A%2C%20First%20Floor%2C%20Poonamallee%20High%20Road%2C%20Mugalivakkam%2C%20Above%20Jockey%20Showroom%2C%20Chennai%2C%20600116'),
('salon_green_trends_unisex_hair_and_style_salon_nangana', 'Green Trends Unisex Hair And Style Salon Nanganallur', 'No. 205, M.G.R. Rd, Hindu Colony, Nanganallur, Near Canara Bank ATM', 'Nanganallur', 'Chennai', 'Tamil Nadu', '600061', '09087946650', '10:00 AM - 9:00 PM', '12.9850480', '80.1883861', 'https://maps.google.com/?q=No.%20205%2C%20M.G.R.%20Rd%2C%20Hindu%20Colony%2C%20Nanganallur%2C%20Near%20Canara%20Bank%20ATM%2C%20Chennai%2C%20600061'),
('salon_green_trends_unisex_hair_style_salon_600014', 'Green Trends Unisex Hair & Style Salon', 'No. 69, Sri Krishnapuram Street, Teachers Colony, Royapettah, Above Tata motors', 'Royapettah', 'Chennai', 'Tamil Nadu', '600014', '09444457299', '10:00 AM - 9:30 PM', '13.0836939', '80.2701860', 'https://maps.google.com/?q=No.%2069%2C%20Sri%20Krishnapuram%20Street%2C%20Teachers%20Colony%2C%20Royapettah%2C%20Above%20Tata%20motors%2C%20Chennai%2C%20600014'),
('salon_green_trends_unisex_hair_style_salon_600018', 'Green Trends Unisex Hair & Style Salon', 'No. 123/A/283, First Floor, Yass Tower, Mowbrays Road, Alwarpet, Opposite Sony Center', 'Alwarpet', 'Chennai', 'Tamil Nadu', '600018', '04448678160', '10:00 AM - 9:00 PM', '13.0836939', '80.2701860', 'https://maps.google.com/?q=No.%20123%2FA%2F283%2C%20First%20Floor%2C%20Yass%20Tower%2C%20Mowbrays%20Road%2C%20Alwarpet%2C%20Opposite%20Sony%20Center%2C%20Chennai%2C%20600018'),
('salon_green_trends_unisex_hair_style_salon_600037', 'Green Trends - Unisex Hair & Style Salon', 'HIG Flat, s 4/4, Nolambur West Main Road, Next to Nilgris', 'Nolambur West Main Road', 'Chennai', 'Tamil Nadu', '600037', '06385187050', '10:00 AM - 09:00 PM', '13.0836939', '80.2701860', 'https://maps.google.com/?q=HIG%20Flat%2C%20s%204%2F4%2C%20Nolambur%20West%20Main%20Road%2C%20Next%20to%20Nilgris%2C%20Chennai%2C%20600037'),
('salon_green_trends_unisex_hair_style_salon_600041', 'Green Trends - Unisex Hair & Style Salon', 'No. 512, East Coast Rd, AGS Colony, Kottivakkam, Near IndusInd Bank', 'Kottivakkam', 'Chennai', 'Tamil Nadu', '600041', '09042833999', '9:00 AM - 9:00 PM', '13.0836939', '80.2701860', 'https://maps.google.com/?q=No.%20512%2C%20East%20Coast%20Rd%2C%20AGS%20Colony%2C%20Kottivakkam%2C%20Near%20IndusInd%20Bank%2C%20Chennai%2C%20600041'),
('salon_green_trends_unisex_hair_style_salon_600049', 'Green Trends Unisex Hair & Style Salon', 'No. 1, First Floor, New Avadi Rd, Villivakkam, Beside Union Bank', 'Villivakkam', 'Chennai', 'Tamil Nadu', '600049', '08877007703', '10:00 AM - 10:00 PM', '13.0836939', '80.2701860', 'https://maps.google.com/?q=No.%201%2C%20First%20Floor%2C%20New%20Avadi%20Rd%2C%20Villivakkam%2C%20Beside%20Union%20Bank%2C%20Chennai%2C%20600049'),
('salon_green_trends_unisex_hair_style_salon_600081', 'GREEN TRENDS UNISEX HAIR & STYLE SALON', 'No. 387/204, First Floor, Thiruvottiyur High Rd, Sanjeevarayanpet, Washermanpet, Opposite SBI Bank', 'Washermanpet', 'Chennai', 'Tamil Nadu', '600081', '08190008009', '10:00 AM - 9:00 PM', '13.0836939', '80.2701860', 'https://maps.google.com/?q=No.%20387%2F204%2C%20First%20Floor%2C%20Thiruvottiyur%20High%20Rd%2C%20Sanjeevarayanpet%2C%20Washermanpet%2C%20Opposite%20SBI%20Bank%2C%20Chennai%2C%20600081'),
('salon_green_trends_unisex_hair_style_salon_600087', 'Green Trends - Unisex Hair & Style Salon', 'No. 52/72, S2J Towers, 1st Flr, Arcot Road, Valasaravakkam, Opp. Babyhug Store', 'Valasaravakkam', 'Chennai', 'Tamil Nadu', '600087', '06380729973', '9:30 AM - 9:00 PM', '13.0836939', '80.2701860', 'https://maps.google.com/?q=No.%2052%2F72%2C%20S2J%20Towers%2C%201st%20Flr%2C%20Arcot%20Road%2C%20Valasaravakkam%2C%20Opp.%20Babyhug%20Store%2C%20Chennai%2C%20600087'),
('salon_green_trends_unisex_hair_style_salon_600092', 'Green Trends - Unisex Hair & Style Salon', 'No. 1, 1st floor, Kaliamman Koil Street, Chinmaya Nagar, Virugambakkam, Near CSB Bank', 'Virugambakkam', 'Chennai', 'Tamil Nadu', '600092', '04445510102', '10:00 AM - 9:00 PM', '13.0836939', '80.2701860', 'https://maps.google.com/?q=No.%201%2C%201st%20floor%2C%20Kaliamman%20Koil%20Street%2C%20Chinmaya%20Nagar%2C%20Virugambakkam%2C%20Near%20CSB%20Bank%2C%20Chennai%2C%20600092'),
('salon_green_trends_unisex_hair_style_salon_603103', 'Green Trends - Unisex Hair & Style Salon', 'No. 1/398, Rajiv Gandhi Salai, OMR, Near Hdcf Bank', 'OMR', 'Chennai', 'Tamil Nadu', '603103', '07601989898', '10:00 AM - 10:00 PM', '13.0836939', '80.2701860', 'https://maps.google.com/?q=No.%201%2F398%2C%20Rajiv%20Gandhi%20Salai%2C%20OMR%2C%20Near%20Hdcf%20Bank%2C%20Chennai%2C%20603103'),
('salon_green_trends_unisex_hair_style_salon_603108', 'Green Trends - Unisex Hair & Style Salon', 'Cee Dee Yes Infrastructure Devt Pvt Ltd, Chennai Pattinam Main Rd, Nr Satya Sai Medical College', 'Chennai Pattinam Main Rd', 'Nellikuppam', 'Tamil Nadu', '603108', '04447422278', '10:00 AM - 7:00 PM', '12.7490683', '80.1064975', 'https://maps.google.com/?q=Cee%20Dee%20Yes%20Infrastructure%20Devt%20Pvt%20Ltd%2C%20Chennai%20Pattinam%20Main%20Rd%2C%20Nr%20Satya%20Sai%20Medical%20College%2C%20Nellikuppam%2C%20603108'),
('salon_green_trends_unisex_hair_style_salon_kolathur_60', 'Green Trends - Unisex Hair & Style Salon - Kolathur', 'No. 13, 2nd Main Road, Durga Colony, Kolathur, Opp. Apollo Pharmacy', 'Kolathur', 'Chennai', 'Tamil Nadu', '600082', '07305736361', '10:00 AM - 9:00 PM', '13.1241127', '80.2046276', 'https://maps.google.com/?q=No.%2013%2C%202nd%20Main%20Road%2C%20Durga%20Colony%2C%20Kolathur%2C%20Opp.%20Apollo%20Pharmacy%2C%20Chennai%2C%20600082'),
('salon_green_trends_unisex_hair_style_salon_mandaveli_6', 'GREEN TRENDS UNISEX HAIR & STYLE SALON - MANDAVELI', 'No. 25/11, Ground Floor, Venkatakrishna Rd, Raja Annamalai Puram, Beside Manthra Halls', 'Raja Annamalai Puram', 'Chennai', 'Tamil Nadu', '600028', '09787286333', '10:00 AM - 9:00 PM', '13.0258445', '80.2627877', 'https://maps.google.com/?q=No.%2025%2F11%2C%20Ground%20Floor%2C%20Venkatakrishna%20Rd%2C%20Raja%20Annamalai%20Puram%2C%20Beside%20Manthra%20Halls%2C%20Chennai%2C%20600028'),
('salon_green_trends_unisex_hair_style_salon_padur_60310', 'Green Trends Unisex Hair & Style Salon Padur', 'No. 43, Rajiv Gandhi Salai, Kelambakkam, Opp. Reliance Trends', 'Kelambakkam', 'Chennai', 'Tamil Nadu', '603103', '07695959898', '10:00 AM - 9:00 PM', '12.8054706', '80.2247264', 'https://maps.google.com/?q=No.%2043%2C%20Rajiv%20Gandhi%20Salai%2C%20Kelambakkam%2C%20Opp.%20Reliance%20Trends%2C%20Chennai%2C%20603103'),
('salon_green_trends_unisex_hair_style_salon_thirupporur', 'Green Trends Unisex Hair & Style Salon, Thirupporur, Chennai', 'No. 24, 1st Floor Old Mahabalipuram Main Road, Kalavakkam, near Goodwin Refractory', 'Kalavakkam', 'Chennai', 'Tamil Nadu', '603110', '09043859323', '10:00 AM - 09:00 PM', NULL, NULL, 'https://maps.google.com/?q=No.%2024%2C%201st%20Floor%20Old%20Mahabalipuram%20Main%20Road%2C%20Kalavakkam%2C%20near%20Goodwin%20Refractory%2C%20Chennai%2C%20603110'),
('salon_green_trends_unisex_hair_style_salon_vinayagapur', 'Green Trends Unisex Hair & Style Salon - Vinayagapuram', 'No. 103/68, Perambur Red Hills High Rd, Lakshmipuram, Beside Bata Showroom', 'Lakshmipuram', 'Chennai', 'Tamil Nadu', '600099', '07845824820', '10:00 AM - 9:30 PM', '13.1262345', '80.2933782', 'https://maps.google.com/?q=No.%20103%2F68%2C%20Perambur%20Red%20Hills%20High%20Rd%2C%20Lakshmipuram%2C%20Beside%20Bata%20Showroom%2C%20Chennai%2C%20600099'),
('salon_green_trends_unisex_hair_style_salon_west_tambar', 'GREEN TRENDS UNISEX HAIR & STYLE SALON WEST TAMBARAM', 'No. 105, 1st Floor, Sairam Towers, Mudichur Rd, West Tambaram, Beside Sathya Showroom', 'West Tambaram', 'Chennai', 'Tamil Nadu', '600045', '04447812164', '10:00 AM - 9:00 PM', '12.9256549', '80.1043700', 'https://maps.google.com/?q=No.%20105%2C%201st%20Floor%2C%20Sairam%20Towers%2C%20Mudichur%20Rd%2C%20West%20Tambaram%2C%20Beside%20Sathya%20Showroom%2C%20Chennai%2C%20600045'),
('salon_green_trends_unisex_salon_adyar_chennai_600020', 'Green Trends Unisex Salon, Adyar, Chennai', 'No. 8/13, 4Th Main Road, Nehru Nagar, Adyar, Opp. Shri Sai Clinic', 'Adyar', 'Chennai', 'Tamil Nadu', '600020', '04424451759', '9:00 AM - 9:00 PM', '13.0064500', '80.2577791', 'https://maps.google.com/?q=No.%208%2F13%2C%204Th%20Main%20Road%2C%20Nehru%20Nagar%2C%20Adyar%2C%20Opp.%20Shri%20Sai%20Clinic%2C%20Chennai%2C%20600020'),
('salon_green_trends_unisex_salon_anna_nagar_chennai_600', 'Green Trends Unisex Salon, Anna Nagar, Chennai', 'No. 239-4331, 6th Main Road, Y Block, Anna Nagar, Near Union Bank of India', 'Anna Nagar', 'Chennai', 'Tamil Nadu', '600040', '09840661999', '10:00 AM - 9:00 PM', '13.0872004', '80.2164421', 'https://maps.google.com/?q=No.%20239-4331%2C%206th%20Main%20Road%2C%20Y%20Block%2C%20Anna%20Nagar%2C%20Near%20Union%20Bank%20of%20India%2C%20Chennai%2C%20600040'),
('salon_green_trends_unisex_salon_anna_nagar_chennai_600_2', 'Green Trends Unisex Salon, Anna Nagar, Chennai', 'No. 1576, 13th Main Road, Bharathi Colony, Anna Nagar, Near Ram''s IAS Academy', 'Anna Nagar', 'Chennai', 'Tamil Nadu', '600040', '04426161534', '9:00 AM - 9:00 PM', '13.0872004', '80.2164421', 'https://maps.google.com/?q=No.%201576%2C%2013th%20Main%20Road%2C%20Bharathi%20Colony%2C%20Anna%20Nagar%2C%20Near%20Ram''s%20IAS%20Academy%2C%20Chennai%2C%20600040'),
('salon_green_trends_unisex_salon_anna_nagar_east_chenna', 'Green Trends Unisex Salon, Anna Nagar East, Chennai', 'No. 56/57, First Floor, Pulla Avenue, Anna Nagar East, Above Hollywood Shoes', 'Anna Nagar East', 'Chennai', 'Tamil Nadu', '600030', '07397796518', '9:30 AM - 9:00 PM', '13.0846503', '80.2195323', 'https://maps.google.com/?q=No.%2056%2F57%2C%20First%20Floor%2C%20Pulla%20Avenue%2C%20Anna%20Nagar%20East%2C%20Above%20Hollywood%20Shoes%2C%20Chennai%2C%20600030'),
('salon_green_trends_unisex_salon_arumbakkam_chennai_600', 'Green Trends Unisex Salon, Arumbakkam, Chennai', 'No. 21/1-14/1, 2nd Flr, 1st Main Rd, Jai Nagar, Arumbakkam, Near CC Bank', 'Arumbakkam', 'Chennai', 'Tamil Nadu', '600106', '07397796515', '10:00 AM - 9:00 PM', '13.0743710', '80.2081312', 'https://maps.google.com/?q=No.%2021%2F1-14%2F1%2C%202nd%20Flr%2C%201st%20Main%20Rd%2C%20Jai%20Nagar%2C%20Arumbakkam%2C%20Near%20CC%20Bank%2C%20Chennai%2C%20600106'),
('salon_green_trends_unisex_salon_ashok_nagar_chennai_60', 'Green Trends Unisex Salon, Ashok Nagar, Chennai', '1/1, 62nd Street, beside Mahalakshmi Apartments, 11th Avenue, Ashok Nagar', 'Ashok Nagar', 'Chennai', 'Tamil Nadu', '600083', '07397796511', '9:30 AM - 9:00 PM', '13.0400731', '80.2159247', 'https://maps.google.com/?q=1%2F1%2C%2062nd%20Street%2C%20beside%20Mahalakshmi%20Apartments%2C%2011th%20Avenue%2C%20Ashok%20Nagar%2C%20Chennai%2C%20600083'),
('salon_green_trends_unisex_salon_kk_nagar_chennai_60007', 'Green Trends Unisex Salon, KK Nagar, Chennai', 'No. 50, Munusamy Road, K. K. Nagar, Near Government Pondicherry Guest House', 'K. K. Nagar', 'Chennai', 'Tamil Nadu', '600078', '04423662790', '10:00 AM - 9:00 PM', '13.0386493', '80.2052158', 'https://maps.google.com/?q=No.%2050%2C%20Munusamy%20Road%2C%20K.%20K.%20Nagar%2C%20Near%20Government%20Pondicherry%20Guest%20House%2C%20Chennai%2C%20600078'),
('salon_green_trends_unisex_salon_kodambakkam_chennai_60', 'Green Trends Unisex Salon, Kodambakkam, Chennai', 'No. 34/17, Second Floor, Dr Ambedkar Rd, Dr.Subbaraya Nagar, Kodambakkam, Opposite HDFC Bank', 'Kodambakkam', 'Chennai', 'Tamil Nadu', '600024', '07397796508', '10:00 AM - 9:00 PM', '13.0492070', '80.2242829', 'https://maps.google.com/?q=No.%2034%2F17%2C%20Second%20Floor%2C%20Dr%20Ambedkar%20Rd%2C%20Dr.Subbaraya%20Nagar%2C%20Kodambakkam%2C%20Opposite%20HDFC%20Bank%2C%20Chennai%2C%20600024'),
('salon_green_trends_unisex_salon_korattur_chennai_60008', 'Green Trends Unisex Salon, Korattur, Chennai', 'No. 1324F, Guru Nanak Niwas, E Ave Rd, TNHB Colony, Korattur, Above ICICI Bank', 'Korattur', 'Chennai', 'Tamil Nadu', '600080', '08045253577', '10:00 AM - 9:00 PM', '13.1115484', '80.1846272', 'https://maps.google.com/?q=No.%201324F%2C%20Guru%20Nanak%20Niwas%2C%20E%20Ave%20Rd%2C%20TNHB%20Colony%2C%20Korattur%2C%20Above%20ICICI%20Bank%2C%20Chennai%2C%20600080'),
('salon_green_trends_unisex_salon_mogappair_east_chennai', 'Green Trends Unisex Salon, Mogappair East, Chennai', 'No. 38, 1st Main Rd, Mogappair Eri Scheme, Mogappair East, Near K.N. Health Care', 'Mogappair East', 'Chennai', 'Tamil Nadu', '600107', '07397796510', '10:00 AM - 9:00 PM', '13.0835142', '80.1840779', 'https://maps.google.com/?q=No.%2038%2C%201st%20Main%20Rd%2C%20Mogappair%20Eri%20Scheme%2C%20Mogappair%20East%2C%20Near%20K.N.%20Health%20Care%2C%20Chennai%2C%20600107'),
('salon_green_trends_unisex_salon_mylapore_chennai_60000', 'Green Trends Unisex Salon, Mylapore, Chennai', 'No. 123, Luz Church Road, Mylapore, Opp. LIC of India', 'Mylapore', 'Chennai', 'Tamil Nadu', '600004', '04424993247', '9:00 AM - 9:00 PM', '13.0316473', '80.2700166', 'https://maps.google.com/?q=No.%20123%2C%20Luz%20Church%20Road%2C%20Mylapore%2C%20Opp.%20LIC%20of%20India%2C%20Chennai%2C%20600004'),
('salon_green_trends_unisex_salon_nanganallur_chennai_60', 'Green Trends Unisex Salon, Nanganallur, Chennai', 'No. B2, Lakshmi Nagar 1st Main Rd, Nanganallur, Opp. Maruti Suzuki Driving School', 'Nanganallur', 'Chennai', 'Tamil Nadu', '600061', '07397796519', '10:00 AM - 9:00 PM', '12.9801242', '80.1849020', 'https://maps.google.com/?q=No.%20B2%2C%20Lakshmi%20Nagar%201st%20Main%20Rd%2C%20Nanganallur%2C%20Opp.%20Maruti%20Suzuki%20Driving%20School%2C%20Chennai%2C%20600061'),
('salon_green_trends_unisex_salon_neelankarai_chennai_60', 'Green Trends Unisex Salon, Neelankarai, Chennai', 'No. 4/252, Harrington Plaza, East Cost Rd, Saraswathi Nagar, Neelankarai, Above Madras Bakery', 'Neelankarai', 'Chennai', 'Tamil Nadu', '600115', '09600052136', '9:30 AM - 9:00 PM', '12.9454955', '80.2574692', 'https://maps.google.com/?q=No.%204%2F252%2C%20Harrington%20Plaza%2C%20East%20Cost%20Rd%2C%20Saraswathi%20Nagar%2C%20Neelankarai%2C%20Above%20Madras%20Bakery%2C%20Chennai%2C%20600115'),
('salon_green_trends_unisex_salon_perambur_chennai_60008', 'Green Trends Unisex Salon, Perambur, Chennai', 'B46, 70 Feet Road, Periyar Nagar, Perambur, Above Indian Overseas Bank', 'Perambur', 'Chennai', 'Tamil Nadu', '600082', '07397796520', '10:00 AM - 9:00 PM', '13.1121242', '80.2450220', 'https://maps.google.com/?q=B46%2C%2070%20Feet%20Road%2C%20Periyar%20Nagar%2C%20Perambur%2C%20Above%20Indian%20Overseas%20Bank%2C%20Chennai%2C%20600082'),
('salon_green_trends_unisex_salon_royapuram_chennai_6000', 'Green Trends Unisex Salon, Royapuram, Chennai', 'No. 65-66, MS Koil Street, Pudumanaikuppam, Royapuram, Above Reliance Fresh Super Market', 'Royapuram', 'Chennai', 'Tamil Nadu', '600013', '07397796521', '9:00 AM - 9:00 PM', '13.1042898', '80.2936125', 'https://maps.google.com/?q=No.%2065-66%2C%20MS%20Koil%20Street%2C%20Pudumanaikuppam%2C%20Royapuram%2C%20Above%20Reliance%20Fresh%20Super%20Market%2C%20Chennai%2C%20600013'),
('salon_green_trends_unisex_salon_selaiyur_chennai_60007', 'Green Trends Unisex Salon, Selaiyur, Chennai', 'No. 182 B, 1st Flr, Velachery Main Road, Selaiyur, Near Mav International School', 'Selaiyur', 'Chennai', 'Tamil Nadu', '600073', '04422291815', '10:00 AM - 9:00 PM', '12.9521755', '80.1860309', 'https://maps.google.com/?q=No.%20182%20B%2C%201st%20Flr%2C%20Velachery%20Main%20Road%2C%20Selaiyur%2C%20Near%20Mav%20International%20School%2C%20Chennai%2C%20600073'),
('salon_green_trends_unisex_salon_sholinganallur_chennai', 'Green Trends Unisex Salon, Sholinganallur, Chennai', 'No. 113/40, Rajiv Gandhi Salai, Ezhil Nagar, Sholinganallur, Beside Poorvika Mobiles', 'Sholinganallur', 'Chennai', 'Tamil Nadu', '600119', '09994788892', '10:00 AM - 9:00 PM', '12.9174426', '80.2164902', 'https://maps.google.com/?q=No.%20113%2F40%2C%20Rajiv%20Gandhi%20Salai%2C%20Ezhil%20Nagar%2C%20Sholinganallur%2C%20Beside%20Poorvika%20Mobiles%2C%20Chennai%2C%20600119'),
('salon_green_trends_unisex_salon_t_nagar_chennai_600017', 'Green Trends Unisex Salon, T Nagar, Chennai', 'No. 18A, Raghavaiah Road, T Nagar, Near Challani Jewellery Mart', 'T Nagar', 'Chennai', 'Tamil Nadu', '600017', '07397796513', '10:00 AM - 9:00 PM', '13.0344050', '80.2301597', 'https://maps.google.com/?q=No.%2018A%2C%20Raghavaiah%20Road%2C%20T%20Nagar%2C%20Near%20Challani%20Jewellery%20Mart%2C%20Chennai%2C%20600017'),
('salon_green_trends_unisex_salon_t_nagar_chennai_600017_2', 'Green Trends Unisex Salon, T Nagar, Chennai', 'No. 63(30), 1st Flr, Ganesh Building, Venkatanarayana Rd, T. Nagar, Nr Dindigul Thalappakatti', 'T. Nagar', 'Chennai', 'Tamil Nadu', '600017', '07397796504', '10:00 AM - 09:00 PM', '13.0344050', '80.2301597', 'https://maps.google.com/?q=No.%2063(30)%2C%201st%20Flr%2C%20Ganesh%20Building%2C%20Venkatanarayana%20Rd%2C%20T.%20Nagar%2C%20Nr%20Dindigul%20Thalappakatti%2C%20Chennai%2C%20600017'),
('salon_green_trends_unisex_salon_thiruvottiyur_chennai_', 'Green Trends Unisex Salon, Thiruvottiyur, Chennai', 'No. 52, South Mada Street, Thiruvottiyur, Near MSM Theatre', 'Thiruvottiyur', 'Chennai', 'Tamil Nadu', '600019', '04425737858', '9:00 AM - 9:00 PM', '13.1722287', '80.3045553', 'https://maps.google.com/?q=No.%2052%2C%20South%20Mada%20Street%2C%20Thiruvottiyur%2C%20Near%20MSM%20Theatre%2C%20Chennai%2C%20600019'),
('salon_green_trends_unisex_salon_velachery_chennai_6000', 'Green Trends Unisex Salon, Velachery, Chennai', 'No. 125, Velachery Bypass Road, Velachery, Near Indian Overseas Bank', 'Velachery', 'Chennai', 'Tamil Nadu', '600042', '07397796506', '10:00 AM - 9:00 PM', '12.9801655', '80.2228506', 'https://maps.google.com/?q=No.%20125%2C%20Velachery%20Bypass%20Road%2C%20Velachery%2C%20Near%20Indian%20Overseas%20Bank%2C%20Chennai%2C%20600042'),
('salon_green_trends_unisex_salon_virugambakkam_chennai_', 'Green Trends Unisex Salon, Virugambakkam, Chennai', 'No. 50A, AVM Ave 1st Main Road, Rajeswari Colony, Virugambakkam, Opposite SK Mahal', 'Virugambakkam', 'Chennai', 'Tamil Nadu', '600092', '04423775904', '9:00 AM - 9:00 PM', '13.0475434', '80.1922181', 'https://maps.google.com/?q=No.%2050A%2C%20AVM%20Ave%201st%20Main%20Road%2C%20Rajeswari%20Colony%2C%20Virugambakkam%2C%20Opposite%20SK%20Mahal%2C%20Chennai%2C%20600092'),
('salon_greentrends_kolapakkam_unisex_hair_style_salon_6', 'GreenTrends Kolapakkam Unisex Hair & Style Salon', 'No. 24/1A2, 1st Floor, Manapakkam Main Rd, Sri Ganesh Nagar, Kolapakkam, Near Mitra Gallery', 'Kolapakkam', 'Chennai', 'Tamil Nadu', '600122', '07418863444', '10:00 AM - 9:00 PM', '13.0097074', '80.1528994', 'https://maps.google.com/?q=No.%2024%2F1A2%2C%201st%20Floor%2C%20Manapakkam%20Main%20Rd%2C%20Sri%20Ganesh%20Nagar%2C%20Kolapakkam%2C%20Near%20Mitra%20Gallery%2C%20Chennai%2C%20600122'),
('salon_greentrends_unisex_hair_style_salon_603001', 'GreenTrends Unisex Hair & Style Salon', 'No: 7C, 2nd Floor, PBM Towers, GST Road', 'GST Road', 'Chennai', 'Tamil Nadu', '603001', '08428266266', '9:30 AM - 9:00 PM', '13.0836939', '80.2701860', 'https://maps.google.com/?q=No%3A%207C%2C%202nd%20Floor%2C%20PBM%20Towers%2C%20GST%20Road%2C%20Chennai%2C%20603001')
ON DUPLICATE KEY UPDATE
  name = VALUES(name),
  address_line1 = VALUES(address_line1),
  area = VALUES(area),
  city = VALUES(city),
  state = VALUES(state),
  pincode = VALUES(pincode),
  phone = VALUES(phone),
  open_hours = VALUES(open_hours),
  lat = VALUES(lat),
  lng = VALUES(lng),
  maps_url = VALUES(maps_url);

INSERT INTO services (gender, category_id, category_title, service_name, service_description) VALUES
('female', 'female_bleach', 'Bleach', 'Bleach', 'Skin lightening'),
('female', 'female_clean_up', 'Clean up', 'Clean up', 'Basic skin cleansing'),
('female', 'female_detan', 'Detan', 'Detan', 'Tan removal'),
('female', 'female_facial', 'Facial', 'Facial', 'Skin glow, hydration'),
('female', 'female_hair_colouring', 'Hair Colouring', 'Hair Colouring', 'Coloring, highlights'),
('female', 'female_hair_smoothening', 'Hair Smoothening', 'Hair Smoothening', 'Straightening, shine'),
('female', 'female_hair_spa', 'Hair Spa', 'Hair Spa', 'Deep conditioning, shine'),
('female', 'female_hair_treatment', 'Hair Treatment', 'Hair Treatment', 'Hair fall, dandruff care'),
('female', 'female_haircut', 'Haircut', 'Haircut', 'Cuts, styling'),
('female', 'female_hairdo_basic', 'Hairdo - Basic', 'Hairdo - Basic', 'Basic hair styling'),
('female', 'female_head_massage', 'Head Massage', 'Head Massage', 'Relaxing scalp massage'),
('female', 'female_manicure', 'Manicure', 'Manicure', 'Hand grooming, nails'),
('female', 'female_party_makeup', 'Party Makeup', 'Party Makeup', 'Makeup for events'),
('female', 'female_pedicure', 'Pedicure', 'Pedicure', 'Foot care, nails'),
('female', 'female_saree_draping', 'Saree Draping', 'Saree Draping', 'Professional draping'),
('female', 'female_threading', 'Threading', 'Threading', 'Eyebrow & face shaping'),
('female', 'female_trial_hairdo', 'Trial Hairdo', 'Trial Hairdo', 'Trial hair styling'),
('female', 'female_trial_makeup', 'Trial Makeup', 'Trial Makeup', 'Trial session'),
('female', 'female_waxing', 'Waxing', 'Waxing', 'Hair removal'),
('male', 'male_bleach', 'Bleach', 'Bleach', 'Skin lightening'),
('male', 'male_clean_up', 'Clean up', 'Clean up', 'Basic skin cleansing'),
('male', 'male_detan', 'Detan', 'Detan', 'Tan removal'),
('male', 'male_facial', 'Facial', 'Facial', 'Skin glow, hydration'),
('male', 'male_hair_colouring', 'Hair Colouring', 'Hair Colouring', 'Coloring, grey coverage'),
('male', 'male_hair_spa', 'Hair Spa', 'Hair Spa', 'Deep conditioning, shine'),
('male', 'male_hair_treatment', 'Hair Treatment', 'Hair Treatment', 'Hair fall, dandruff care'),
('male', 'male_haircut', 'Haircut', 'Haircut', 'Cuts, styling'),
('male', 'male_head_massage', 'Head Massage', 'Head Massage', 'Relaxing scalp massage'),
('male', 'male_manicure', 'Manicure', 'Manicure', 'Hand grooming, nails'),
('male', 'male_party_makeup', 'Party Makeup', 'Party Makeup', 'Makeup for events'),
('male', 'male_pedicure', 'Pedicure', 'Pedicure', 'Foot care, nails')
ON DUPLICATE KEY UPDATE
  category_id = VALUES(category_id),
  category_title = VALUES(category_title),
  service_description = VALUES(service_description);

INSERT INTO stylists (salon_id, gender, stylist_name, is_active) VALUES
('salon_green_trends_600026', 'female', 'Anitha', '1'),
('salon_green_trends_600026', 'female', 'Divya', '1'),
('salon_green_trends_600026', 'female', 'Priya', '1'),
('salon_green_trends_600026', 'female', 'Swathi', '1'),
('salon_green_trends_600026', 'male', 'Ajay', '1'),
('salon_green_trends_600026', 'male', 'Arun', '1'),
('salon_green_trends_600026', 'male', 'Karthik', '1'),
('salon_green_trends_600026', 'male', 'Naveen', '1'),
('salon_green_trends_ashok_nagar_600083', 'female', 'Anitha', '1'),
('salon_green_trends_ashok_nagar_600083', 'female', 'Divya', '1'),
('salon_green_trends_ashok_nagar_600083', 'female', 'Keerthana', '1'),
('salon_green_trends_ashok_nagar_600083', 'female', 'Nandhini', '1'),
('salon_green_trends_ashok_nagar_600083', 'male', 'Arun', '1'),
('salon_green_trends_ashok_nagar_600083', 'male', 'Karthik', '1'),
('salon_green_trends_ashok_nagar_600083', 'male', 'Praveen', '1'),
('salon_green_trends_ashok_nagar_600083', 'male', 'Rohit', '1'),
('salon_green_trends_beauty_salon_in_nelson_manickkam_ro', 'female', 'Anitha', '1'),
('salon_green_trends_beauty_salon_in_nelson_manickkam_ro', 'female', 'Divya', '1'),
('salon_green_trends_beauty_salon_in_nelson_manickkam_ro', 'female', 'Priya', '1'),
('salon_green_trends_beauty_salon_in_nelson_manickkam_ro', 'female', 'Swathi', '1'),
('salon_green_trends_beauty_salon_in_nelson_manickkam_ro', 'male', 'Ajay', '1'),
('salon_green_trends_beauty_salon_in_nelson_manickkam_ro', 'male', 'Arun', '1'),
('salon_green_trends_beauty_salon_in_nelson_manickkam_ro', 'male', 'Karthik', '1'),
('salon_green_trends_beauty_salon_in_nelson_manickkam_ro', 'male', 'Naveen', '1'),
('salon_green_trends_besant_nagar_unisex_salon_600090', 'female', 'Keerthana', '1'),
('salon_green_trends_besant_nagar_unisex_salon_600090', 'female', 'Meera', '1'),
('salon_green_trends_besant_nagar_unisex_salon_600090', 'female', 'Nandhini', '1'),
('salon_green_trends_besant_nagar_unisex_salon_600090', 'female', 'Shalini', '1'),
('salon_green_trends_besant_nagar_unisex_salon_600090', 'male', 'Praveen', '1'),
('salon_green_trends_besant_nagar_unisex_salon_600090', 'male', 'Rohit', '1'),
('salon_green_trends_besant_nagar_unisex_salon_600090', 'male', 'Suresh', '1'),
('salon_green_trends_besant_nagar_unisex_salon_600090', 'male', 'Vikram', '1'),
('salon_green_trends_hasthinapuram_unisex_hair_style_sal', 'female', 'Meera', '1'),
('salon_green_trends_hasthinapuram_unisex_hair_style_sal', 'female', 'Priya', '1'),
('salon_green_trends_hasthinapuram_unisex_hair_style_sal', 'female', 'Shalini', '1'),
('salon_green_trends_hasthinapuram_unisex_hair_style_sal', 'female', 'Swathi', '1'),
('salon_green_trends_hasthinapuram_unisex_hair_style_sal', 'male', 'Ajay', '1'),
('salon_green_trends_hasthinapuram_unisex_hair_style_sal', 'male', 'Naveen', '1'),
('salon_green_trends_hasthinapuram_unisex_hair_style_sal', 'male', 'Suresh', '1'),
('salon_green_trends_hasthinapuram_unisex_hair_style_sal', 'male', 'Vikram', '1'),
('salon_green_trends_kk_nagar_unisex_hair_style_salon_60', 'female', 'Anitha', '1'),
('salon_green_trends_kk_nagar_unisex_hair_style_salon_60', 'female', 'Divya', '1'),
('salon_green_trends_kk_nagar_unisex_hair_style_salon_60', 'female', 'Keerthana', '1'),
('salon_green_trends_kk_nagar_unisex_hair_style_salon_60', 'female', 'Nandhini', '1'),
('salon_green_trends_kk_nagar_unisex_hair_style_salon_60', 'male', 'Arun', '1'),
('salon_green_trends_kk_nagar_unisex_hair_style_salon_60', 'male', 'Karthik', '1'),
('salon_green_trends_kk_nagar_unisex_hair_style_salon_60', 'male', 'Praveen', '1'),
('salon_green_trends_kk_nagar_unisex_hair_style_salon_60', 'male', 'Rohit', '1'),
('salon_green_trends_madipakkam_unisex_hair_style_salon_', 'female', 'Anitha', '1'),
('salon_green_trends_madipakkam_unisex_hair_style_salon_', 'female', 'Divya', '1'),
('salon_green_trends_madipakkam_unisex_hair_style_salon_', 'female', 'Priya', '1'),
('salon_green_trends_madipakkam_unisex_hair_style_salon_', 'female', 'Swathi', '1'),
('salon_green_trends_madipakkam_unisex_hair_style_salon_', 'male', 'Ajay', '1'),
('salon_green_trends_madipakkam_unisex_hair_style_salon_', 'male', 'Arun', '1'),
('salon_green_trends_madipakkam_unisex_hair_style_salon_', 'male', 'Karthik', '1'),
('salon_green_trends_madipakkam_unisex_hair_style_salon_', 'male', 'Naveen', '1'),
('salon_green_trends_nungambakkam_unisex_salon_600034', 'female', 'Anitha', '1'),
('salon_green_trends_nungambakkam_unisex_salon_600034', 'female', 'Divya', '1'),
('salon_green_trends_nungambakkam_unisex_salon_600034', 'female', 'Priya', '1'),
('salon_green_trends_nungambakkam_unisex_salon_600034', 'female', 'Swathi', '1'),
('salon_green_trends_nungambakkam_unisex_salon_600034', 'male', 'Ajay', '1'),
('salon_green_trends_nungambakkam_unisex_salon_600034', 'male', 'Arun', '1'),
('salon_green_trends_nungambakkam_unisex_salon_600034', 'male', 'Karthik', '1'),
('salon_green_trends_nungambakkam_unisex_salon_600034', 'male', 'Naveen', '1'),
('salon_green_trends_taramani_600042', 'female', 'Keerthana', '1'),
('salon_green_trends_taramani_600042', 'female', 'Meera', '1'),
('salon_green_trends_taramani_600042', 'female', 'Nandhini', '1'),
('salon_green_trends_taramani_600042', 'female', 'Shalini', '1'),
('salon_green_trends_taramani_600042', 'male', 'Praveen', '1'),
('salon_green_trends_taramani_600042', 'male', 'Rohit', '1'),
('salon_green_trends_taramani_600042', 'male', 'Suresh', '1'),
('salon_green_trends_taramani_600042', 'male', 'Vikram', '1'),
('salon_green_trends_thiruvanmiyur_unisex_hair_style_sal', 'female', 'Keerthana', '1'),
('salon_green_trends_thiruvanmiyur_unisex_hair_style_sal', 'female', 'Meera', '1'),
('salon_green_trends_thiruvanmiyur_unisex_hair_style_sal', 'female', 'Nandhini', '1'),
('salon_green_trends_thiruvanmiyur_unisex_hair_style_sal', 'female', 'Shalini', '1'),
('salon_green_trends_thiruvanmiyur_unisex_hair_style_sal', 'male', 'Praveen', '1'),
('salon_green_trends_thiruvanmiyur_unisex_hair_style_sal', 'male', 'Rohit', '1'),
('salon_green_trends_thiruvanmiyur_unisex_hair_style_sal', 'male', 'Suresh', '1'),
('salon_green_trends_thiruvanmiyur_unisex_hair_style_sal', 'male', 'Vikram', '1'),
('salon_green_trends_unisex_hair_and_beauty_salon_thirum', 'female', 'Keerthana', '1'),
('salon_green_trends_unisex_hair_and_beauty_salon_thirum', 'female', 'Meera', '1'),
('salon_green_trends_unisex_hair_and_beauty_salon_thirum', 'female', 'Nandhini', '1'),
('salon_green_trends_unisex_hair_and_beauty_salon_thirum', 'female', 'Shalini', '1'),
('salon_green_trends_unisex_hair_and_beauty_salon_thirum', 'male', 'Praveen', '1'),
('salon_green_trends_unisex_hair_and_beauty_salon_thirum', 'male', 'Rohit', '1'),
('salon_green_trends_unisex_hair_and_beauty_salon_thirum', 'male', 'Suresh', '1'),
('salon_green_trends_unisex_hair_and_beauty_salon_thirum', 'male', 'Vikram', '1'),
('salon_green_trends_unisex_hair_and_style_salon_600042', 'female', 'Meera', '1'),
('salon_green_trends_unisex_hair_and_style_salon_600042', 'female', 'Priya', '1'),
('salon_green_trends_unisex_hair_and_style_salon_600042', 'female', 'Shalini', '1'),
('salon_green_trends_unisex_hair_and_style_salon_600042', 'female', 'Swathi', '1'),
('salon_green_trends_unisex_hair_and_style_salon_600042', 'male', 'Ajay', '1'),
('salon_green_trends_unisex_hair_and_style_salon_600042', 'male', 'Naveen', '1'),
('salon_green_trends_unisex_hair_and_style_salon_600042', 'male', 'Suresh', '1'),
('salon_green_trends_unisex_hair_and_style_salon_600042', 'male', 'Vikram', '1'),
('salon_green_trends_unisex_hair_and_style_salon_600063', 'female', 'Keerthana', '1'),
('salon_green_trends_unisex_hair_and_style_salon_600063', 'female', 'Meera', '1'),
('salon_green_trends_unisex_hair_and_style_salon_600063', 'female', 'Nandhini', '1'),
('salon_green_trends_unisex_hair_and_style_salon_600063', 'female', 'Shalini', '1'),
('salon_green_trends_unisex_hair_and_style_salon_600063', 'male', 'Praveen', '1'),
('salon_green_trends_unisex_hair_and_style_salon_600063', 'male', 'Rohit', '1'),
('salon_green_trends_unisex_hair_and_style_salon_600063', 'male', 'Suresh', '1'),
('salon_green_trends_unisex_hair_and_style_salon_600063', 'male', 'Vikram', '1'),
('salon_green_trends_unisex_hair_and_style_salon_600079', 'female', 'Meera', '1'),
('salon_green_trends_unisex_hair_and_style_salon_600079', 'female', 'Priya', '1'),
('salon_green_trends_unisex_hair_and_style_salon_600079', 'female', 'Shalini', '1'),
('salon_green_trends_unisex_hair_and_style_salon_600079', 'female', 'Swathi', '1'),
('salon_green_trends_unisex_hair_and_style_salon_600079', 'male', 'Ajay', '1'),
('salon_green_trends_unisex_hair_and_style_salon_600079', 'male', 'Naveen', '1'),
('salon_green_trends_unisex_hair_and_style_salon_600079', 'male', 'Suresh', '1'),
('salon_green_trends_unisex_hair_and_style_salon_600079', 'male', 'Vikram', '1'),
('salon_green_trends_unisex_hair_and_style_salon_600116', 'female', 'Meera', '1'),
('salon_green_trends_unisex_hair_and_style_salon_600116', 'female', 'Priya', '1'),
('salon_green_trends_unisex_hair_and_style_salon_600116', 'female', 'Shalini', '1'),
('salon_green_trends_unisex_hair_and_style_salon_600116', 'female', 'Swathi', '1'),
('salon_green_trends_unisex_hair_and_style_salon_600116', 'male', 'Ajay', '1'),
('salon_green_trends_unisex_hair_and_style_salon_600116', 'male', 'Naveen', '1'),
('salon_green_trends_unisex_hair_and_style_salon_600116', 'male', 'Suresh', '1'),
('salon_green_trends_unisex_hair_and_style_salon_600116', 'male', 'Vikram', '1'),
('salon_green_trends_unisex_hair_and_style_salon_nangana', 'female', 'Keerthana', '1'),
('salon_green_trends_unisex_hair_and_style_salon_nangana', 'female', 'Meera', '1'),
('salon_green_trends_unisex_hair_and_style_salon_nangana', 'female', 'Nandhini', '1'),
('salon_green_trends_unisex_hair_and_style_salon_nangana', 'female', 'Shalini', '1'),
('salon_green_trends_unisex_hair_and_style_salon_nangana', 'male', 'Praveen', '1'),
('salon_green_trends_unisex_hair_and_style_salon_nangana', 'male', 'Rohit', '1'),
('salon_green_trends_unisex_hair_and_style_salon_nangana', 'male', 'Suresh', '1'),
('salon_green_trends_unisex_hair_and_style_salon_nangana', 'male', 'Vikram', '1'),
('salon_green_trends_unisex_hair_style_salon_600014', 'female', 'Meera', '1'),
('salon_green_trends_unisex_hair_style_salon_600014', 'female', 'Priya', '1'),
('salon_green_trends_unisex_hair_style_salon_600014', 'female', 'Shalini', '1'),
('salon_green_trends_unisex_hair_style_salon_600014', 'female', 'Swathi', '1'),
('salon_green_trends_unisex_hair_style_salon_600014', 'male', 'Ajay', '1'),
('salon_green_trends_unisex_hair_style_salon_600014', 'male', 'Naveen', '1'),
('salon_green_trends_unisex_hair_style_salon_600014', 'male', 'Suresh', '1'),
('salon_green_trends_unisex_hair_style_salon_600014', 'male', 'Vikram', '1'),
('salon_green_trends_unisex_hair_style_salon_600018', 'female', 'Meera', '1'),
('salon_green_trends_unisex_hair_style_salon_600018', 'female', 'Priya', '1'),
('salon_green_trends_unisex_hair_style_salon_600018', 'female', 'Shalini', '1'),
('salon_green_trends_unisex_hair_style_salon_600018', 'female', 'Swathi', '1'),
('salon_green_trends_unisex_hair_style_salon_600018', 'male', 'Ajay', '1'),
('salon_green_trends_unisex_hair_style_salon_600018', 'male', 'Naveen', '1'),
('salon_green_trends_unisex_hair_style_salon_600018', 'male', 'Suresh', '1'),
('salon_green_trends_unisex_hair_style_salon_600018', 'male', 'Vikram', '1'),
('salon_green_trends_unisex_hair_style_salon_600037', 'female', 'Anitha', '1'),
('salon_green_trends_unisex_hair_style_salon_600037', 'female', 'Divya', '1'),
('salon_green_trends_unisex_hair_style_salon_600037', 'female', 'Keerthana', '1'),
('salon_green_trends_unisex_hair_style_salon_600037', 'female', 'Nandhini', '1'),
('salon_green_trends_unisex_hair_style_salon_600037', 'male', 'Arun', '1'),
('salon_green_trends_unisex_hair_style_salon_600037', 'male', 'Karthik', '1'),
('salon_green_trends_unisex_hair_style_salon_600037', 'male', 'Praveen', '1'),
('salon_green_trends_unisex_hair_style_salon_600037', 'male', 'Rohit', '1'),
('salon_green_trends_unisex_hair_style_salon_600041', 'female', 'Anitha', '1'),
('salon_green_trends_unisex_hair_style_salon_600041', 'female', 'Divya', '1'),
('salon_green_trends_unisex_hair_style_salon_600041', 'female', 'Keerthana', '1'),
('salon_green_trends_unisex_hair_style_salon_600041', 'female', 'Nandhini', '1'),
('salon_green_trends_unisex_hair_style_salon_600041', 'male', 'Arun', '1'),
('salon_green_trends_unisex_hair_style_salon_600041', 'male', 'Karthik', '1'),
('salon_green_trends_unisex_hair_style_salon_600041', 'male', 'Praveen', '1'),
('salon_green_trends_unisex_hair_style_salon_600041', 'male', 'Rohit', '1'),
('salon_green_trends_unisex_hair_style_salon_600049', 'female', 'Keerthana', '1'),
('salon_green_trends_unisex_hair_style_salon_600049', 'female', 'Meera', '1'),
('salon_green_trends_unisex_hair_style_salon_600049', 'female', 'Nandhini', '1'),
('salon_green_trends_unisex_hair_style_salon_600049', 'female', 'Shalini', '1'),
('salon_green_trends_unisex_hair_style_salon_600049', 'male', 'Praveen', '1'),
('salon_green_trends_unisex_hair_style_salon_600049', 'male', 'Rohit', '1'),
('salon_green_trends_unisex_hair_style_salon_600049', 'male', 'Suresh', '1'),
('salon_green_trends_unisex_hair_style_salon_600049', 'male', 'Vikram', '1'),
('salon_green_trends_unisex_hair_style_salon_600081', 'female', 'Anitha', '1'),
('salon_green_trends_unisex_hair_style_salon_600081', 'female', 'Divya', '1'),
('salon_green_trends_unisex_hair_style_salon_600081', 'female', 'Priya', '1'),
('salon_green_trends_unisex_hair_style_salon_600081', 'female', 'Swathi', '1'),
('salon_green_trends_unisex_hair_style_salon_600081', 'male', 'Ajay', '1'),
('salon_green_trends_unisex_hair_style_salon_600081', 'male', 'Arun', '1'),
('salon_green_trends_unisex_hair_style_salon_600081', 'male', 'Karthik', '1'),
('salon_green_trends_unisex_hair_style_salon_600081', 'male', 'Naveen', '1'),
('salon_green_trends_unisex_hair_style_salon_600087', 'female', 'Anitha', '1'),
('salon_green_trends_unisex_hair_style_salon_600087', 'female', 'Divya', '1'),
('salon_green_trends_unisex_hair_style_salon_600087', 'female', 'Keerthana', '1'),
('salon_green_trends_unisex_hair_style_salon_600087', 'female', 'Nandhini', '1'),
('salon_green_trends_unisex_hair_style_salon_600087', 'male', 'Arun', '1'),
('salon_green_trends_unisex_hair_style_salon_600087', 'male', 'Karthik', '1'),
('salon_green_trends_unisex_hair_style_salon_600087', 'male', 'Praveen', '1'),
('salon_green_trends_unisex_hair_style_salon_600087', 'male', 'Rohit', '1'),
('salon_green_trends_unisex_hair_style_salon_600092', 'female', 'Anitha', '1'),
('salon_green_trends_unisex_hair_style_salon_600092', 'female', 'Divya', '1'),
('salon_green_trends_unisex_hair_style_salon_600092', 'female', 'Keerthana', '1'),
('salon_green_trends_unisex_hair_style_salon_600092', 'female', 'Nandhini', '1'),
('salon_green_trends_unisex_hair_style_salon_600092', 'male', 'Arun', '1'),
('salon_green_trends_unisex_hair_style_salon_600092', 'male', 'Karthik', '1'),
('salon_green_trends_unisex_hair_style_salon_600092', 'male', 'Praveen', '1'),
('salon_green_trends_unisex_hair_style_salon_600092', 'male', 'Rohit', '1'),
('salon_green_trends_unisex_hair_style_salon_603103', 'female', 'Meera', '1'),
('salon_green_trends_unisex_hair_style_salon_603103', 'female', 'Priya', '1'),
('salon_green_trends_unisex_hair_style_salon_603103', 'female', 'Shalini', '1'),
('salon_green_trends_unisex_hair_style_salon_603103', 'female', 'Swathi', '1'),
('salon_green_trends_unisex_hair_style_salon_603103', 'male', 'Ajay', '1'),
('salon_green_trends_unisex_hair_style_salon_603103', 'male', 'Naveen', '1'),
('salon_green_trends_unisex_hair_style_salon_603103', 'male', 'Suresh', '1'),
('salon_green_trends_unisex_hair_style_salon_603103', 'male', 'Vikram', '1'),
('salon_green_trends_unisex_hair_style_salon_603108', 'female', 'Anitha', '1'),
('salon_green_trends_unisex_hair_style_salon_603108', 'female', 'Divya', '1'),
('salon_green_trends_unisex_hair_style_salon_603108', 'female', 'Priya', '1'),
('salon_green_trends_unisex_hair_style_salon_603108', 'female', 'Swathi', '1'),
('salon_green_trends_unisex_hair_style_salon_603108', 'male', 'Ajay', '1'),
('salon_green_trends_unisex_hair_style_salon_603108', 'male', 'Arun', '1'),
('salon_green_trends_unisex_hair_style_salon_603108', 'male', 'Karthik', '1'),
('salon_green_trends_unisex_hair_style_salon_603108', 'male', 'Naveen', '1'),
('salon_green_trends_unisex_hair_style_salon_kolathur_60', 'female', 'Anitha', '1'),
('salon_green_trends_unisex_hair_style_salon_kolathur_60', 'female', 'Divya', '1'),
('salon_green_trends_unisex_hair_style_salon_kolathur_60', 'female', 'Keerthana', '1'),
('salon_green_trends_unisex_hair_style_salon_kolathur_60', 'female', 'Nandhini', '1'),
('salon_green_trends_unisex_hair_style_salon_kolathur_60', 'male', 'Arun', '1'),
('salon_green_trends_unisex_hair_style_salon_kolathur_60', 'male', 'Karthik', '1'),
('salon_green_trends_unisex_hair_style_salon_kolathur_60', 'male', 'Praveen', '1'),
('salon_green_trends_unisex_hair_style_salon_kolathur_60', 'male', 'Rohit', '1'),
('salon_green_trends_unisex_hair_style_salon_mandaveli_6', 'female', 'Anitha', '1'),
('salon_green_trends_unisex_hair_style_salon_mandaveli_6', 'female', 'Divya', '1'),
('salon_green_trends_unisex_hair_style_salon_mandaveli_6', 'female', 'Priya', '1'),
('salon_green_trends_unisex_hair_style_salon_mandaveli_6', 'female', 'Swathi', '1'),
('salon_green_trends_unisex_hair_style_salon_mandaveli_6', 'male', 'Ajay', '1'),
('salon_green_trends_unisex_hair_style_salon_mandaveli_6', 'male', 'Arun', '1'),
('salon_green_trends_unisex_hair_style_salon_mandaveli_6', 'male', 'Karthik', '1'),
('salon_green_trends_unisex_hair_style_salon_mandaveli_6', 'male', 'Naveen', '1'),
('salon_green_trends_unisex_hair_style_salon_padur_60310', 'female', 'Anitha', '1'),
('salon_green_trends_unisex_hair_style_salon_padur_60310', 'female', 'Divya', '1'),
('salon_green_trends_unisex_hair_style_salon_padur_60310', 'female', 'Priya', '1'),
('salon_green_trends_unisex_hair_style_salon_padur_60310', 'female', 'Swathi', '1'),
('salon_green_trends_unisex_hair_style_salon_padur_60310', 'male', 'Ajay', '1'),
('salon_green_trends_unisex_hair_style_salon_padur_60310', 'male', 'Arun', '1'),
('salon_green_trends_unisex_hair_style_salon_padur_60310', 'male', 'Karthik', '1'),
('salon_green_trends_unisex_hair_style_salon_padur_60310', 'male', 'Naveen', '1'),
('salon_green_trends_unisex_hair_style_salon_thirupporur', 'female', 'Keerthana', '1'),
('salon_green_trends_unisex_hair_style_salon_thirupporur', 'female', 'Meera', '1'),
('salon_green_trends_unisex_hair_style_salon_thirupporur', 'female', 'Nandhini', '1'),
('salon_green_trends_unisex_hair_style_salon_thirupporur', 'female', 'Shalini', '1'),
('salon_green_trends_unisex_hair_style_salon_thirupporur', 'male', 'Praveen', '1'),
('salon_green_trends_unisex_hair_style_salon_thirupporur', 'male', 'Rohit', '1'),
('salon_green_trends_unisex_hair_style_salon_thirupporur', 'male', 'Suresh', '1'),
('salon_green_trends_unisex_hair_style_salon_thirupporur', 'male', 'Vikram', '1'),
('salon_green_trends_unisex_hair_style_salon_vinayagapur', 'female', 'Keerthana', '1'),
('salon_green_trends_unisex_hair_style_salon_vinayagapur', 'female', 'Meera', '1'),
('salon_green_trends_unisex_hair_style_salon_vinayagapur', 'female', 'Nandhini', '1'),
('salon_green_trends_unisex_hair_style_salon_vinayagapur', 'female', 'Shalini', '1'),
('salon_green_trends_unisex_hair_style_salon_vinayagapur', 'male', 'Praveen', '1'),
('salon_green_trends_unisex_hair_style_salon_vinayagapur', 'male', 'Rohit', '1'),
('salon_green_trends_unisex_hair_style_salon_vinayagapur', 'male', 'Suresh', '1'),
('salon_green_trends_unisex_hair_style_salon_vinayagapur', 'male', 'Vikram', '1'),
('salon_green_trends_unisex_hair_style_salon_west_tambar', 'female', 'Meera', '1'),
('salon_green_trends_unisex_hair_style_salon_west_tambar', 'female', 'Priya', '1'),
('salon_green_trends_unisex_hair_style_salon_west_tambar', 'female', 'Shalini', '1'),
('salon_green_trends_unisex_hair_style_salon_west_tambar', 'female', 'Swathi', '1'),
('salon_green_trends_unisex_hair_style_salon_west_tambar', 'male', 'Ajay', '1'),
('salon_green_trends_unisex_hair_style_salon_west_tambar', 'male', 'Naveen', '1'),
('salon_green_trends_unisex_hair_style_salon_west_tambar', 'male', 'Suresh', '1'),
('salon_green_trends_unisex_hair_style_salon_west_tambar', 'male', 'Vikram', '1'),
('salon_green_trends_unisex_salon_adyar_chennai_600020', 'female', 'Meera', '1'),
('salon_green_trends_unisex_salon_adyar_chennai_600020', 'female', 'Priya', '1'),
('salon_green_trends_unisex_salon_adyar_chennai_600020', 'female', 'Shalini', '1'),
('salon_green_trends_unisex_salon_adyar_chennai_600020', 'female', 'Swathi', '1'),
('salon_green_trends_unisex_salon_adyar_chennai_600020', 'male', 'Ajay', '1'),
('salon_green_trends_unisex_salon_adyar_chennai_600020', 'male', 'Naveen', '1'),
('salon_green_trends_unisex_salon_adyar_chennai_600020', 'male', 'Suresh', '1'),
('salon_green_trends_unisex_salon_adyar_chennai_600020', 'male', 'Vikram', '1'),
('salon_green_trends_unisex_salon_anna_nagar_chennai_600', 'female', 'Keerthana', '1'),
('salon_green_trends_unisex_salon_anna_nagar_chennai_600', 'female', 'Meera', '1'),
('salon_green_trends_unisex_salon_anna_nagar_chennai_600', 'female', 'Nandhini', '1'),
('salon_green_trends_unisex_salon_anna_nagar_chennai_600', 'female', 'Shalini', '1'),
('salon_green_trends_unisex_salon_anna_nagar_chennai_600', 'male', 'Praveen', '1'),
('salon_green_trends_unisex_salon_anna_nagar_chennai_600', 'male', 'Rohit', '1'),
('salon_green_trends_unisex_salon_anna_nagar_chennai_600', 'male', 'Suresh', '1'),
('salon_green_trends_unisex_salon_anna_nagar_chennai_600', 'male', 'Vikram', '1'),
('salon_green_trends_unisex_salon_anna_nagar_chennai_600_2', 'female', 'Anitha', '1'),
('salon_green_trends_unisex_salon_anna_nagar_chennai_600_2', 'female', 'Divya', '1'),
('salon_green_trends_unisex_salon_anna_nagar_chennai_600_2', 'female', 'Keerthana', '1'),
('salon_green_trends_unisex_salon_anna_nagar_chennai_600_2', 'female', 'Nandhini', '1'),
('salon_green_trends_unisex_salon_anna_nagar_chennai_600_2', 'male', 'Arun', '1'),
('salon_green_trends_unisex_salon_anna_nagar_chennai_600_2', 'male', 'Karthik', '1'),
('salon_green_trends_unisex_salon_anna_nagar_chennai_600_2', 'male', 'Praveen', '1'),
('salon_green_trends_unisex_salon_anna_nagar_chennai_600_2', 'male', 'Rohit', '1'),
('salon_green_trends_unisex_salon_anna_nagar_east_chenna', 'female', 'Anitha', '1'),
('salon_green_trends_unisex_salon_anna_nagar_east_chenna', 'female', 'Divya', '1'),
('salon_green_trends_unisex_salon_anna_nagar_east_chenna', 'female', 'Keerthana', '1'),
('salon_green_trends_unisex_salon_anna_nagar_east_chenna', 'female', 'Nandhini', '1'),
('salon_green_trends_unisex_salon_anna_nagar_east_chenna', 'male', 'Arun', '1'),
('salon_green_trends_unisex_salon_anna_nagar_east_chenna', 'male', 'Karthik', '1'),
('salon_green_trends_unisex_salon_anna_nagar_east_chenna', 'male', 'Praveen', '1'),
('salon_green_trends_unisex_salon_anna_nagar_east_chenna', 'male', 'Rohit', '1'),
('salon_green_trends_unisex_salon_arumbakkam_chennai_600', 'female', 'Keerthana', '1'),
('salon_green_trends_unisex_salon_arumbakkam_chennai_600', 'female', 'Meera', '1'),
('salon_green_trends_unisex_salon_arumbakkam_chennai_600', 'female', 'Nandhini', '1'),
('salon_green_trends_unisex_salon_arumbakkam_chennai_600', 'female', 'Shalini', '1'),
('salon_green_trends_unisex_salon_arumbakkam_chennai_600', 'male', 'Praveen', '1'),
('salon_green_trends_unisex_salon_arumbakkam_chennai_600', 'male', 'Rohit', '1'),
('salon_green_trends_unisex_salon_arumbakkam_chennai_600', 'male', 'Suresh', '1'),
('salon_green_trends_unisex_salon_arumbakkam_chennai_600', 'male', 'Vikram', '1'),
('salon_green_trends_unisex_salon_ashok_nagar_chennai_60', 'female', 'Anitha', '1'),
('salon_green_trends_unisex_salon_ashok_nagar_chennai_60', 'female', 'Divya', '1'),
('salon_green_trends_unisex_salon_ashok_nagar_chennai_60', 'female', 'Priya', '1'),
('salon_green_trends_unisex_salon_ashok_nagar_chennai_60', 'female', 'Swathi', '1'),
('salon_green_trends_unisex_salon_ashok_nagar_chennai_60', 'male', 'Ajay', '1'),
('salon_green_trends_unisex_salon_ashok_nagar_chennai_60', 'male', 'Arun', '1'),
('salon_green_trends_unisex_salon_ashok_nagar_chennai_60', 'male', 'Karthik', '1'),
('salon_green_trends_unisex_salon_ashok_nagar_chennai_60', 'male', 'Naveen', '1'),
('salon_green_trends_unisex_salon_kk_nagar_chennai_60007', 'female', 'Anitha', '1'),
('salon_green_trends_unisex_salon_kk_nagar_chennai_60007', 'female', 'Divya', '1'),
('salon_green_trends_unisex_salon_kk_nagar_chennai_60007', 'female', 'Keerthana', '1'),
('salon_green_trends_unisex_salon_kk_nagar_chennai_60007', 'female', 'Nandhini', '1'),
('salon_green_trends_unisex_salon_kk_nagar_chennai_60007', 'male', 'Arun', '1'),
('salon_green_trends_unisex_salon_kk_nagar_chennai_60007', 'male', 'Karthik', '1'),
('salon_green_trends_unisex_salon_kk_nagar_chennai_60007', 'male', 'Praveen', '1'),
('salon_green_trends_unisex_salon_kk_nagar_chennai_60007', 'male', 'Rohit', '1'),
('salon_green_trends_unisex_salon_kodambakkam_chennai_60', 'female', 'Anitha', '1'),
('salon_green_trends_unisex_salon_kodambakkam_chennai_60', 'female', 'Divya', '1'),
('salon_green_trends_unisex_salon_kodambakkam_chennai_60', 'female', 'Priya', '1'),
('salon_green_trends_unisex_salon_kodambakkam_chennai_60', 'female', 'Swathi', '1'),
('salon_green_trends_unisex_salon_kodambakkam_chennai_60', 'male', 'Ajay', '1'),
('salon_green_trends_unisex_salon_kodambakkam_chennai_60', 'male', 'Arun', '1'),
('salon_green_trends_unisex_salon_kodambakkam_chennai_60', 'male', 'Karthik', '1'),
('salon_green_trends_unisex_salon_kodambakkam_chennai_60', 'male', 'Naveen', '1'),
('salon_green_trends_unisex_salon_korattur_chennai_60008', 'female', 'Anitha', '1'),
('salon_green_trends_unisex_salon_korattur_chennai_60008', 'female', 'Divya', '1'),
('salon_green_trends_unisex_salon_korattur_chennai_60008', 'female', 'Priya', '1'),
('salon_green_trends_unisex_salon_korattur_chennai_60008', 'female', 'Swathi', '1'),
('salon_green_trends_unisex_salon_korattur_chennai_60008', 'male', 'Ajay', '1'),
('salon_green_trends_unisex_salon_korattur_chennai_60008', 'male', 'Arun', '1'),
('salon_green_trends_unisex_salon_korattur_chennai_60008', 'male', 'Karthik', '1'),
('salon_green_trends_unisex_salon_korattur_chennai_60008', 'male', 'Naveen', '1'),
('salon_green_trends_unisex_salon_mogappair_east_chennai', 'female', 'Meera', '1'),
('salon_green_trends_unisex_salon_mogappair_east_chennai', 'female', 'Priya', '1'),
('salon_green_trends_unisex_salon_mogappair_east_chennai', 'female', 'Shalini', '1'),
('salon_green_trends_unisex_salon_mogappair_east_chennai', 'female', 'Swathi', '1'),
('salon_green_trends_unisex_salon_mogappair_east_chennai', 'male', 'Ajay', '1'),
('salon_green_trends_unisex_salon_mogappair_east_chennai', 'male', 'Naveen', '1'),
('salon_green_trends_unisex_salon_mogappair_east_chennai', 'male', 'Suresh', '1'),
('salon_green_trends_unisex_salon_mogappair_east_chennai', 'male', 'Vikram', '1'),
('salon_green_trends_unisex_salon_mylapore_chennai_60000', 'female', 'Anitha', '1'),
('salon_green_trends_unisex_salon_mylapore_chennai_60000', 'female', 'Divya', '1'),
('salon_green_trends_unisex_salon_mylapore_chennai_60000', 'female', 'Keerthana', '1'),
('salon_green_trends_unisex_salon_mylapore_chennai_60000', 'female', 'Nandhini', '1'),
('salon_green_trends_unisex_salon_mylapore_chennai_60000', 'male', 'Arun', '1'),
('salon_green_trends_unisex_salon_mylapore_chennai_60000', 'male', 'Karthik', '1'),
('salon_green_trends_unisex_salon_mylapore_chennai_60000', 'male', 'Praveen', '1'),
('salon_green_trends_unisex_salon_mylapore_chennai_60000', 'male', 'Rohit', '1'),
('salon_green_trends_unisex_salon_nanganallur_chennai_60', 'female', 'Keerthana', '1'),
('salon_green_trends_unisex_salon_nanganallur_chennai_60', 'female', 'Meera', '1'),
('salon_green_trends_unisex_salon_nanganallur_chennai_60', 'female', 'Nandhini', '1'),
('salon_green_trends_unisex_salon_nanganallur_chennai_60', 'female', 'Shalini', '1'),
('salon_green_trends_unisex_salon_nanganallur_chennai_60', 'male', 'Praveen', '1'),
('salon_green_trends_unisex_salon_nanganallur_chennai_60', 'male', 'Rohit', '1'),
('salon_green_trends_unisex_salon_nanganallur_chennai_60', 'male', 'Suresh', '1'),
('salon_green_trends_unisex_salon_nanganallur_chennai_60', 'male', 'Vikram', '1'),
('salon_green_trends_unisex_salon_neelankarai_chennai_60', 'female', 'Meera', '1'),
('salon_green_trends_unisex_salon_neelankarai_chennai_60', 'female', 'Priya', '1'),
('salon_green_trends_unisex_salon_neelankarai_chennai_60', 'female', 'Shalini', '1'),
('salon_green_trends_unisex_salon_neelankarai_chennai_60', 'female', 'Swathi', '1'),
('salon_green_trends_unisex_salon_neelankarai_chennai_60', 'male', 'Ajay', '1'),
('salon_green_trends_unisex_salon_neelankarai_chennai_60', 'male', 'Naveen', '1'),
('salon_green_trends_unisex_salon_neelankarai_chennai_60', 'male', 'Suresh', '1'),
('salon_green_trends_unisex_salon_neelankarai_chennai_60', 'male', 'Vikram', '1'),
('salon_green_trends_unisex_salon_perambur_chennai_60008', 'female', 'Keerthana', '1'),
('salon_green_trends_unisex_salon_perambur_chennai_60008', 'female', 'Meera', '1'),
('salon_green_trends_unisex_salon_perambur_chennai_60008', 'female', 'Nandhini', '1'),
('salon_green_trends_unisex_salon_perambur_chennai_60008', 'female', 'Shalini', '1'),
('salon_green_trends_unisex_salon_perambur_chennai_60008', 'male', 'Praveen', '1'),
('salon_green_trends_unisex_salon_perambur_chennai_60008', 'male', 'Rohit', '1'),
('salon_green_trends_unisex_salon_perambur_chennai_60008', 'male', 'Suresh', '1'),
('salon_green_trends_unisex_salon_perambur_chennai_60008', 'male', 'Vikram', '1'),
('salon_green_trends_unisex_salon_royapuram_chennai_6000', 'female', 'Keerthana', '1'),
('salon_green_trends_unisex_salon_royapuram_chennai_6000', 'female', 'Meera', '1'),
('salon_green_trends_unisex_salon_royapuram_chennai_6000', 'female', 'Nandhini', '1'),
('salon_green_trends_unisex_salon_royapuram_chennai_6000', 'female', 'Shalini', '1'),
('salon_green_trends_unisex_salon_royapuram_chennai_6000', 'male', 'Praveen', '1'),
('salon_green_trends_unisex_salon_royapuram_chennai_6000', 'male', 'Rohit', '1'),
('salon_green_trends_unisex_salon_royapuram_chennai_6000', 'male', 'Suresh', '1'),
('salon_green_trends_unisex_salon_royapuram_chennai_6000', 'male', 'Vikram', '1'),
('salon_green_trends_unisex_salon_selaiyur_chennai_60007', 'female', 'Anitha', '1'),
('salon_green_trends_unisex_salon_selaiyur_chennai_60007', 'female', 'Divya', '1'),
('salon_green_trends_unisex_salon_selaiyur_chennai_60007', 'female', 'Priya', '1'),
('salon_green_trends_unisex_salon_selaiyur_chennai_60007', 'female', 'Swathi', '1'),
('salon_green_trends_unisex_salon_selaiyur_chennai_60007', 'male', 'Ajay', '1'),
('salon_green_trends_unisex_salon_selaiyur_chennai_60007', 'male', 'Arun', '1'),
('salon_green_trends_unisex_salon_selaiyur_chennai_60007', 'male', 'Karthik', '1'),
('salon_green_trends_unisex_salon_selaiyur_chennai_60007', 'male', 'Naveen', '1'),
('salon_green_trends_unisex_salon_sholinganallur_chennai', 'female', 'Anitha', '1'),
('salon_green_trends_unisex_salon_sholinganallur_chennai', 'female', 'Divya', '1'),
('salon_green_trends_unisex_salon_sholinganallur_chennai', 'female', 'Priya', '1'),
('salon_green_trends_unisex_salon_sholinganallur_chennai', 'female', 'Swathi', '1'),
('salon_green_trends_unisex_salon_sholinganallur_chennai', 'male', 'Ajay', '1'),
('salon_green_trends_unisex_salon_sholinganallur_chennai', 'male', 'Arun', '1'),
('salon_green_trends_unisex_salon_sholinganallur_chennai', 'male', 'Karthik', '1'),
('salon_green_trends_unisex_salon_sholinganallur_chennai', 'male', 'Naveen', '1'),
('salon_green_trends_unisex_salon_t_nagar_chennai_600017', 'female', 'Anitha', '1'),
('salon_green_trends_unisex_salon_t_nagar_chennai_600017', 'female', 'Divya', '1'),
('salon_green_trends_unisex_salon_t_nagar_chennai_600017', 'female', 'Keerthana', '1'),
('salon_green_trends_unisex_salon_t_nagar_chennai_600017', 'female', 'Nandhini', '1'),
('salon_green_trends_unisex_salon_t_nagar_chennai_600017', 'male', 'Arun', '1'),
('salon_green_trends_unisex_salon_t_nagar_chennai_600017', 'male', 'Karthik', '1'),
('salon_green_trends_unisex_salon_t_nagar_chennai_600017', 'male', 'Praveen', '1'),
('salon_green_trends_unisex_salon_t_nagar_chennai_600017', 'male', 'Rohit', '1'),
('salon_green_trends_unisex_salon_t_nagar_chennai_600017_2', 'female', 'Meera', '1'),
('salon_green_trends_unisex_salon_t_nagar_chennai_600017_2', 'female', 'Priya', '1'),
('salon_green_trends_unisex_salon_t_nagar_chennai_600017_2', 'female', 'Shalini', '1'),
('salon_green_trends_unisex_salon_t_nagar_chennai_600017_2', 'female', 'Swathi', '1'),
('salon_green_trends_unisex_salon_t_nagar_chennai_600017_2', 'male', 'Ajay', '1'),
('salon_green_trends_unisex_salon_t_nagar_chennai_600017_2', 'male', 'Naveen', '1'),
('salon_green_trends_unisex_salon_t_nagar_chennai_600017_2', 'male', 'Suresh', '1'),
('salon_green_trends_unisex_salon_t_nagar_chennai_600017_2', 'male', 'Vikram', '1'),
('salon_green_trends_unisex_salon_thiruvottiyur_chennai_', 'female', 'Meera', '1'),
('salon_green_trends_unisex_salon_thiruvottiyur_chennai_', 'female', 'Priya', '1'),
('salon_green_trends_unisex_salon_thiruvottiyur_chennai_', 'female', 'Shalini', '1'),
('salon_green_trends_unisex_salon_thiruvottiyur_chennai_', 'female', 'Swathi', '1'),
('salon_green_trends_unisex_salon_thiruvottiyur_chennai_', 'male', 'Ajay', '1'),
('salon_green_trends_unisex_salon_thiruvottiyur_chennai_', 'male', 'Naveen', '1'),
('salon_green_trends_unisex_salon_thiruvottiyur_chennai_', 'male', 'Suresh', '1'),
('salon_green_trends_unisex_salon_thiruvottiyur_chennai_', 'male', 'Vikram', '1'),
('salon_green_trends_unisex_salon_velachery_chennai_6000', 'female', 'Meera', '1'),
('salon_green_trends_unisex_salon_velachery_chennai_6000', 'female', 'Priya', '1'),
('salon_green_trends_unisex_salon_velachery_chennai_6000', 'female', 'Shalini', '1'),
('salon_green_trends_unisex_salon_velachery_chennai_6000', 'female', 'Swathi', '1'),
('salon_green_trends_unisex_salon_velachery_chennai_6000', 'male', 'Ajay', '1'),
('salon_green_trends_unisex_salon_velachery_chennai_6000', 'male', 'Naveen', '1'),
('salon_green_trends_unisex_salon_velachery_chennai_6000', 'male', 'Suresh', '1'),
('salon_green_trends_unisex_salon_velachery_chennai_6000', 'male', 'Vikram', '1'),
('salon_green_trends_unisex_salon_virugambakkam_chennai_', 'female', 'Anitha', '1'),
('salon_green_trends_unisex_salon_virugambakkam_chennai_', 'female', 'Divya', '1'),
('salon_green_trends_unisex_salon_virugambakkam_chennai_', 'female', 'Priya', '1'),
('salon_green_trends_unisex_salon_virugambakkam_chennai_', 'female', 'Swathi', '1'),
('salon_green_trends_unisex_salon_virugambakkam_chennai_', 'male', 'Ajay', '1'),
('salon_green_trends_unisex_salon_virugambakkam_chennai_', 'male', 'Arun', '1'),
('salon_green_trends_unisex_salon_virugambakkam_chennai_', 'male', 'Karthik', '1'),
('salon_green_trends_unisex_salon_virugambakkam_chennai_', 'male', 'Naveen', '1'),
('salon_greentrends_kolapakkam_unisex_hair_style_salon_6', 'female', 'Anitha', '1'),
('salon_greentrends_kolapakkam_unisex_hair_style_salon_6', 'female', 'Divya', '1'),
('salon_greentrends_kolapakkam_unisex_hair_style_salon_6', 'female', 'Keerthana', '1'),
('salon_greentrends_kolapakkam_unisex_hair_style_salon_6', 'female', 'Nandhini', '1'),
('salon_greentrends_kolapakkam_unisex_hair_style_salon_6', 'male', 'Arun', '1'),
('salon_greentrends_kolapakkam_unisex_hair_style_salon_6', 'male', 'Karthik', '1'),
('salon_greentrends_kolapakkam_unisex_hair_style_salon_6', 'male', 'Praveen', '1'),
('salon_greentrends_kolapakkam_unisex_hair_style_salon_6', 'male', 'Rohit', '1'),
('salon_greentrends_unisex_hair_style_salon_603001', 'female', 'Anitha', '1'),
('salon_greentrends_unisex_hair_style_salon_603001', 'female', 'Divya', '1'),
('salon_greentrends_unisex_hair_style_salon_603001', 'female', 'Keerthana', '1'),
('salon_greentrends_unisex_hair_style_salon_603001', 'female', 'Nandhini', '1'),
('salon_greentrends_unisex_hair_style_salon_603001', 'male', 'Arun', '1'),
('salon_greentrends_unisex_hair_style_salon_603001', 'male', 'Karthik', '1'),
('salon_greentrends_unisex_hair_style_salon_603001', 'male', 'Praveen', '1'),
('salon_greentrends_unisex_hair_style_salon_603001', 'male', 'Rohit', '1')
ON DUPLICATE KEY UPDATE
  is_active = VALUES(is_active);

